"ITTER107","Territorio","TIPO_DATO_FOL","Tipo dato","SEXISTAT1","Sesso","ETA1","Classe di età","TIME","Seleziona periodo","Value","Flag Codes","Flags"
"ITFG","Mezzogiorno","UNEM_R","tasso di disoccupazione","9","totale","Y18-29","18-29 anni","2018","2018",39.505533,,
"ITFG","Mezzogiorno","UNEM_R","tasso di disoccupazione","9","totale","Y18-29","18-29 anni","2018-Q2","T2-2018",38.961892,,
"ITFG","Mezzogiorno","UNEM_R","tasso di disoccupazione","9","totale","Y18-29","18-29 anni","2018-Q1","T1-2018",40.303333,,
"ITFG","Mezzogiorno","UNEM_R","tasso di disoccupazione","9","totale","Y18-29","18-29 anni","2018-Q4","T4-2018",41.653727,,
"ITFG","Mezzogiorno","UNEM_R","tasso di disoccupazione","9","totale","Y18-29","18-29 anni","2018-Q3","T3-2018",37.076694,,
"ITFG","Mezzogiorno","UNEM_R","tasso di disoccupazione","9","totale","Y18-29","18-29 anni","2019","2019",37.537074,,
"ITFG","Mezzogiorno","UNEM_R","tasso di disoccupazione","9","totale","Y18-29","18-29 anni","2019-Q1","T1-2019",41.584118,,
"ITFG","Mezzogiorno","UNEM_R","tasso di disoccupazione","9","totale","Y18-29","18-29 anni","2019-Q2","T2-2019",37.181569,,
"ITFG","Mezzogiorno","UNEM_R","tasso di disoccupazione","9","totale","Y18-29","18-29 anni","2019-Q4","T4-2019",37.342958,,
"ITFG","Mezzogiorno","UNEM_R","tasso di disoccupazione","9","totale","Y18-29","18-29 anni","2019-Q3","T3-2019",33.965735,,
"ITFG","Mezzogiorno","UNEM_R","tasso di disoccupazione","9","totale","Y18-29","18-29 anni","2020","2020",35.453545,,
"ITFG","Mezzogiorno","UNEM_R","tasso di disoccupazione","9","totale","Y18-29","18-29 anni","2020-Q2","T2-2020",32.659924,,
"ITFG","Mezzogiorno","UNEM_R","tasso di disoccupazione","9","totale","Y18-29","18-29 anni","2020-Q1","T1-2020",38.392333,,
"ITFG","Mezzogiorno","UNEM_R","tasso di disoccupazione","9","totale","Y18-29","18-29 anni","2020-Q3","T3-2020",35.983513,,
"ITFG","Mezzogiorno","UNEM_R","tasso di disoccupazione","9","totale","Y18-29","18-29 anni","2020-Q4","T4-2020",34.310403,,
"ITFG","Mezzogiorno","UNEM_R","tasso di disoccupazione","9","totale","Y18-29","18-29 anni","2021","2021",34.885488,,
"ITFG","Mezzogiorno","UNEM_R","tasso di disoccupazione","9","totale","Y18-29","18-29 anni","2022","2022",30.220864,,
"ITFG","Mezzogiorno","UNEM_R","tasso di disoccupazione","9","totale","Y18-29","18-29 anni","2023","2023",28.453888,,
"ITFG","Mezzogiorno","UNEM_R","tasso di disoccupazione","9","totale","Y18-29","18-29 anni","2021-Q1","T1-2021",38.164325,,
"ITFG","Mezzogiorno","UNEM_R","tasso di disoccupazione","9","totale","Y18-29","18-29 anni","2021-Q2","T2-2021",35.765175,,
"ITFG","Mezzogiorno","UNEM_R","tasso di disoccupazione","9","totale","Y18-29","18-29 anni","2021-Q3","T3-2021",31.962354,,
"ITFG","Mezzogiorno","UNEM_R","tasso di disoccupazione","9","totale","Y18-29","18-29 anni","2021-Q4","T4-2021",33.842235,,
"ITFG","Mezzogiorno","UNEM_R","tasso di disoccupazione","9","totale","Y18-29","18-29 anni","2022-Q1","T1-2022",33.368238,,
"ITFG","Mezzogiorno","UNEM_R","tasso di disoccupazione","9","totale","Y18-29","18-29 anni","2022-Q2","T2-2022",27.384049,,
"ITFG","Mezzogiorno","UNEM_R","tasso di disoccupazione","9","totale","Y18-29","18-29 anni","2022-Q3","T3-2022",29.001415,,
"ITFG","Mezzogiorno","UNEM_R","tasso di disoccupazione","9","totale","Y18-29","18-29 anni","2022-Q4","T4-2022",31.140603,,
"ITFG","Mezzogiorno","UNEM_R","tasso di disoccupazione","9","totale","Y18-29","18-29 anni","2023-Q1","T1-2023",31.007358,,
"ITFG","Mezzogiorno","UNEM_R","tasso di disoccupazione","9","totale","Y18-29","18-29 anni","2023-Q2","T2-2023",26.633718,,
"ITFG","Mezzogiorno","UNEM_R","tasso di disoccupazione","9","totale","Y18-29","18-29 anni","2023-Q3","T3-2023",28.213176,,
"ITFG","Mezzogiorno","UNEM_R","tasso di disoccupazione","9","totale","Y18-29","18-29 anni","2023-Q4","T4-2023",27.95752,,
"ITFG","Mezzogiorno","UNEM_R","tasso di disoccupazione","9","totale","Y18-29","18-29 anni","2024-Q1","T1-2024",28.471143,,
"ITFG","Mezzogiorno","UNEM_R","tasso di disoccupazione","9","totale","Y18-29","18-29 anni","2024-Q2","T2-2024",25.486107,,
"ITE","Centro","UNEM_R","tasso di disoccupazione","9","totale","Y18-29","18-29 anni","2018","2018",22.81442,,
"ITE","Centro","UNEM_R","tasso di disoccupazione","9","totale","Y18-29","18-29 anni","2018-Q2","T2-2018",23.308571,,
"ITE","Centro","UNEM_R","tasso di disoccupazione","9","totale","Y18-29","18-29 anni","2018-Q1","T1-2018",24.673256,,
"ITE","Centro","UNEM_R","tasso di disoccupazione","9","totale","Y18-29","18-29 anni","2018-Q4","T4-2018",23.813536,,
"ITE","Centro","UNEM_R","tasso di disoccupazione","9","totale","Y18-29","18-29 anni","2018-Q3","T3-2018",19.329145,,
"ITE","Centro","UNEM_R","tasso di disoccupazione","9","totale","Y18-29","18-29 anni","2019","2019",19.533055,,
"ITE","Centro","UNEM_R","tasso di disoccupazione","9","totale","Y18-29","18-29 anni","2019-Q1","T1-2019",22.53757,,
"ITE","Centro","UNEM_R","tasso di disoccupazione","9","totale","Y18-29","18-29 anni","2019-Q2","T2-2019",20.673505,,
"ITE","Centro","UNEM_R","tasso di disoccupazione","9","totale","Y18-29","18-29 anni","2019-Q4","T4-2019",19.11069,,
"ITE","Centro","UNEM_R","tasso di disoccupazione","9","totale","Y18-29","18-29 anni","2019-Q3","T3-2019",15.675057,,
"ITE","Centro","UNEM_R","tasso di disoccupazione","9","totale","Y18-29","18-29 anni","2020","2020",21.556319,,
"ITE","Centro","UNEM_R","tasso di disoccupazione","9","totale","Y18-29","18-29 anni","2020-Q2","T2-2020",17.297451,,
"ITE","Centro","UNEM_R","tasso di disoccupazione","9","totale","Y18-29","18-29 anni","2020-Q1","T1-2020",19.793039,,
"ITE","Centro","UNEM_R","tasso di disoccupazione","9","totale","Y18-29","18-29 anni","2020-Q3","T3-2020",25.427306,,
"ITE","Centro","UNEM_R","tasso di disoccupazione","9","totale","Y18-29","18-29 anni","2020-Q4","T4-2020",23.241265,,
"ITE","Centro","UNEM_R","tasso di disoccupazione","9","totale","Y18-29","18-29 anni","2021","2021",21.568039,,
"ITE","Centro","UNEM_R","tasso di disoccupazione","9","totale","Y18-29","18-29 anni","2022","2022",16.416094,,
"ITE","Centro","UNEM_R","tasso di disoccupazione","9","totale","Y18-29","18-29 anni","2023","2023",14.755184,,
"ITE","Centro","UNEM_R","tasso di disoccupazione","9","totale","Y18-29","18-29 anni","2021-Q1","T1-2021",25.306796,,
"ITE","Centro","UNEM_R","tasso di disoccupazione","9","totale","Y18-29","18-29 anni","2021-Q2","T2-2021",19.814144,,
"ITE","Centro","UNEM_R","tasso di disoccupazione","9","totale","Y18-29","18-29 anni","2021-Q3","T3-2021",20.556701,,
"ITE","Centro","UNEM_R","tasso di disoccupazione","9","totale","Y18-29","18-29 anni","2021-Q4","T4-2021",20.609096,,
"ITE","Centro","UNEM_R","tasso di disoccupazione","9","totale","Y18-29","18-29 anni","2022-Q1","T1-2022",17.727329,,
"ITE","Centro","UNEM_R","tasso di disoccupazione","9","totale","Y18-29","18-29 anni","2022-Q2","T2-2022",14.760384,,
"ITE","Centro","UNEM_R","tasso di disoccupazione","9","totale","Y18-29","18-29 anni","2022-Q3","T3-2022",15.425749,,
"ITE","Centro","UNEM_R","tasso di disoccupazione","9","totale","Y18-29","18-29 anni","2022-Q4","T4-2022",17.761804,,
"ITE","Centro","UNEM_R","tasso di disoccupazione","9","totale","Y18-29","18-29 anni","2023-Q1","T1-2023",15.426192,,
"ITE","Centro","UNEM_R","tasso di disoccupazione","9","totale","Y18-29","18-29 anni","2023-Q2","T2-2023",15.262212,,
"ITE","Centro","UNEM_R","tasso di disoccupazione","9","totale","Y18-29","18-29 anni","2023-Q3","T3-2023",12.151639,,
"ITE","Centro","UNEM_R","tasso di disoccupazione","9","totale","Y18-29","18-29 anni","2023-Q4","T4-2023",16.088728,,
"ITE","Centro","UNEM_R","tasso di disoccupazione","9","totale","Y18-29","18-29 anni","2024-Q1","T1-2024",14.204988,,
"ITE","Centro","UNEM_R","tasso di disoccupazione","9","totale","Y18-29","18-29 anni","2024-Q2","T2-2024",13.442893,,
"ITC","Nord-ovest","UNEM_R","tasso di disoccupazione","9","totale","Y18-29","18-29 anni","2018","2018",16.834244,,
"ITC","Nord-ovest","UNEM_R","tasso di disoccupazione","9","totale","Y18-29","18-29 anni","2018-Q2","T2-2018",16.344137,,
"ITC","Nord-ovest","UNEM_R","tasso di disoccupazione","9","totale","Y18-29","18-29 anni","2018-Q1","T1-2018",16.636374,,
"ITC","Nord-ovest","UNEM_R","tasso di disoccupazione","9","totale","Y18-29","18-29 anni","2018-Q4","T4-2018",17.824271,,
"ITC","Nord-ovest","UNEM_R","tasso di disoccupazione","9","totale","Y18-29","18-29 anni","2018-Q3","T3-2018",16.5233,,
"ITC","Nord-ovest","UNEM_R","tasso di disoccupazione","9","totale","Y18-29","18-29 anni","2019","2019",14.199059,,
"ITC","Nord-ovest","UNEM_R","tasso di disoccupazione","9","totale","Y18-29","18-29 anni","2019-Q1","T1-2019",14.835211,,
"ITC","Nord-ovest","UNEM_R","tasso di disoccupazione","9","totale","Y18-29","18-29 anni","2019-Q2","T2-2019",12.82814,,
"ITC","Nord-ovest","UNEM_R","tasso di disoccupazione","9","totale","Y18-29","18-29 anni","2019-Q4","T4-2019",15.572256,,
"ITC","Nord-ovest","UNEM_R","tasso di disoccupazione","9","totale","Y18-29","18-29 anni","2019-Q3","T3-2019",13.549794,,
"ITC","Nord-ovest","UNEM_R","tasso di disoccupazione","9","totale","Y18-29","18-29 anni","2020","2020",15.180202,,
"ITC","Nord-ovest","UNEM_R","tasso di disoccupazione","9","totale","Y18-29","18-29 anni","2020-Q2","T2-2020",12.281067,,
"ITC","Nord-ovest","UNEM_R","tasso di disoccupazione","9","totale","Y18-29","18-29 anni","2020-Q1","T1-2020",14.770665,,
"ITC","Nord-ovest","UNEM_R","tasso di disoccupazione","9","totale","Y18-29","18-29 anni","2020-Q3","T3-2020",17.394483,,
"ITC","Nord-ovest","UNEM_R","tasso di disoccupazione","9","totale","Y18-29","18-29 anni","2020-Q4","T4-2020",16.133065,,
"ITC","Nord-ovest","UNEM_R","tasso di disoccupazione","9","totale","Y18-29","18-29 anni","2021","2021",15.606355,,
"ITC","Nord-ovest","UNEM_R","tasso di disoccupazione","9","totale","Y18-29","18-29 anni","2022","2022",12.413647,,
"ITC","Nord-ovest","UNEM_R","tasso di disoccupazione","9","totale","Y18-29","18-29 anni","2023","2023",10.755531,,
"ITC","Nord-ovest","UNEM_R","tasso di disoccupazione","9","totale","Y18-29","18-29 anni","2021-Q1","T1-2021",18.913717,,
"ITC","Nord-ovest","UNEM_R","tasso di disoccupazione","9","totale","Y18-29","18-29 anni","2021-Q2","T2-2021",15.589007,,
"ITC","Nord-ovest","UNEM_R","tasso di disoccupazione","9","totale","Y18-29","18-29 anni","2021-Q3","T3-2021",13.802442,,
"ITC","Nord-ovest","UNEM_R","tasso di disoccupazione","9","totale","Y18-29","18-29 anni","2021-Q4","T4-2021",14.37464,,
"ITC","Nord-ovest","UNEM_R","tasso di disoccupazione","9","totale","Y18-29","18-29 anni","2022-Q1","T1-2022",12.834243,,
"ITC","Nord-ovest","UNEM_R","tasso di disoccupazione","9","totale","Y18-29","18-29 anni","2022-Q2","T2-2022",12.370579,,
"ITC","Nord-ovest","UNEM_R","tasso di disoccupazione","9","totale","Y18-29","18-29 anni","2022-Q3","T3-2022",11.966728,,
"ITC","Nord-ovest","UNEM_R","tasso di disoccupazione","9","totale","Y18-29","18-29 anni","2022-Q4","T4-2022",12.49219,,
"ITC","Nord-ovest","UNEM_R","tasso di disoccupazione","9","totale","Y18-29","18-29 anni","2023-Q1","T1-2023",10.71934,,
"ITC","Nord-ovest","UNEM_R","tasso di disoccupazione","9","totale","Y18-29","18-29 anni","2023-Q2","T2-2023",11.217724,,
"ITC","Nord-ovest","UNEM_R","tasso di disoccupazione","9","totale","Y18-29","18-29 anni","2023-Q3","T3-2023",10.749123,,
"ITC","Nord-ovest","UNEM_R","tasso di disoccupazione","9","totale","Y18-29","18-29 anni","2023-Q4","T4-2023",10.335683,,
"ITC","Nord-ovest","UNEM_R","tasso di disoccupazione","9","totale","Y18-29","18-29 anni","2024-Q1","T1-2024",9.53512,,
"ITC","Nord-ovest","UNEM_R","tasso di disoccupazione","9","totale","Y18-29","18-29 anni","2024-Q2","T2-2024",9.503363,,
"ITCD","Nord","UNEM_R","tasso di disoccupazione","9","totale","Y18-29","18-29 anni","2018","2018",15.338196,,
"ITCD","Nord","UNEM_R","tasso di disoccupazione","9","totale","Y18-29","18-29 anni","2018-Q2","T2-2018",14.522589,,
"ITCD","Nord","UNEM_R","tasso di disoccupazione","9","totale","Y18-29","18-29 anni","2018-Q1","T1-2018",15.883604,,
"ITCD","Nord","UNEM_R","tasso di disoccupazione","9","totale","Y18-29","18-29 anni","2018-Q4","T4-2018",16.567844,,
"ITCD","Nord","UNEM_R","tasso di disoccupazione","9","totale","Y18-29","18-29 anni","2018-Q3","T3-2018",14.357254,,
"ITCD","Nord","UNEM_R","tasso di disoccupazione","9","totale","Y18-29","18-29 anni","2019","2019",13.254475,,
"ITCD","Nord","UNEM_R","tasso di disoccupazione","9","totale","Y18-29","18-29 anni","2019-Q1","T1-2019",13.518126,,
"ITCD","Nord","UNEM_R","tasso di disoccupazione","9","totale","Y18-29","18-29 anni","2019-Q2","T2-2019",12.148633,,
"ITCD","Nord","UNEM_R","tasso di disoccupazione","9","totale","Y18-29","18-29 anni","2019-Q4","T4-2019",14.94603,,
"ITCD","Nord","UNEM_R","tasso di disoccupazione","9","totale","Y18-29","18-29 anni","2019-Q3","T3-2019",12.362591,,
"ITCD","Nord","UNEM_R","tasso di disoccupazione","9","totale","Y18-29","18-29 anni","2020","2020",14.685022,,
"ITCD","Nord","UNEM_R","tasso di disoccupazione","9","totale","Y18-29","18-29 anni","2020-Q2","T2-2020",12.139014,,
"ITCD","Nord","UNEM_R","tasso di disoccupazione","9","totale","Y18-29","18-29 anni","2020-Q1","T1-2020",13.956162,,
"ITCD","Nord","UNEM_R","tasso di disoccupazione","9","totale","Y18-29","18-29 anni","2020-Q3","T3-2020",16.518987,,
"ITCD","Nord","UNEM_R","tasso di disoccupazione","9","totale","Y18-29","18-29 anni","2020-Q4","T4-2020",16.002633,,
"ITCD","Nord","UNEM_R","tasso di disoccupazione","9","totale","Y18-29","18-29 anni","2021","2021",14.153032,,
"ITCD","Nord","UNEM_R","tasso di disoccupazione","9","totale","Y18-29","18-29 anni","2022","2022",11.232814,,
"ITCD","Nord","UNEM_R","tasso di disoccupazione","9","totale","Y18-29","18-29 anni","2023","2023",10.35334,,
"ITCD","Nord","UNEM_R","tasso di disoccupazione","9","totale","Y18-29","18-29 anni","2021-Q1","T1-2021",16.937045,,
"ITCD","Nord","UNEM_R","tasso di disoccupazione","9","totale","Y18-29","18-29 anni","2021-Q2","T2-2021",13.526045,,
"ITCD","Nord","UNEM_R","tasso di disoccupazione","9","totale","Y18-29","18-29 anni","2021-Q3","T3-2021",12.582343,,
"ITCD","Nord","UNEM_R","tasso di disoccupazione","9","totale","Y18-29","18-29 anni","2021-Q4","T4-2021",13.739098,,
"ITCD","Nord","UNEM_R","tasso di disoccupazione","9","totale","Y18-29","18-29 anni","2022-Q1","T1-2022",12.034654,,
"ITCD","Nord","UNEM_R","tasso di disoccupazione","9","totale","Y18-29","18-29 anni","2022-Q2","T2-2022",10.922635,,
"ITCD","Nord","UNEM_R","tasso di disoccupazione","9","totale","Y18-29","18-29 anni","2022-Q3","T3-2022",10.93915,,
"ITCD","Nord","UNEM_R","tasso di disoccupazione","9","totale","Y18-29","18-29 anni","2022-Q4","T4-2022",11.056758,,
"ITCD","Nord","UNEM_R","tasso di disoccupazione","9","totale","Y18-29","18-29 anni","2023-Q1","T1-2023",10.215724,,
"ITCD","Nord","UNEM_R","tasso di disoccupazione","9","totale","Y18-29","18-29 anni","2023-Q2","T2-2023",10.56056,,
"ITCD","Nord","UNEM_R","tasso di disoccupazione","9","totale","Y18-29","18-29 anni","2023-Q3","T3-2023",10.361926,,
"ITCD","Nord","UNEM_R","tasso di disoccupazione","9","totale","Y18-29","18-29 anni","2023-Q4","T4-2023",10.271884,,
"ITCD","Nord","UNEM_R","tasso di disoccupazione","9","totale","Y18-29","18-29 anni","2024-Q1","T1-2024",9.2505,,
"ITCD","Nord","UNEM_R","tasso di disoccupazione","9","totale","Y18-29","18-29 anni","2024-Q2","T2-2024",8.349566,,
"IT","Italia","UNEM_R","tasso di disoccupazione","2","femmine","Y18-29","18-29 anni","2018","2018",26.370035,,
"IT","Italia","UNEM_R","tasso di disoccupazione","2","femmine","Y18-29","18-29 anni","2018-Q2","T2-2018",26.017207,,
"IT","Italia","UNEM_R","tasso di disoccupazione","2","femmine","Y18-29","18-29 anni","2018-Q1","T1-2018",28.039707,,
"IT","Italia","UNEM_R","tasso di disoccupazione","2","femmine","Y18-29","18-29 anni","2018-Q4","T4-2018",27.827386,,
"IT","Italia","UNEM_R","tasso di disoccupazione","2","femmine","Y18-29","18-29 anni","2018-Q3","T3-2018",23.481042,,
"IT","Italia","UNEM_R","tasso di disoccupazione","2","femmine","Y18-29","18-29 anni","2019","2019",23.694815,,
"IT","Italia","UNEM_R","tasso di disoccupazione","2","femmine","Y18-29","18-29 anni","2019-Q1","T1-2019",25.856543,,
"IT","Italia","UNEM_R","tasso di disoccupazione","2","femmine","Y18-29","18-29 anni","2019-Q2","T2-2019",23.225551,,
"IT","Italia","UNEM_R","tasso di disoccupazione","2","femmine","Y18-29","18-29 anni","2019-Q4","T4-2019",24.924771,,
"IT","Italia","UNEM_R","tasso di disoccupazione","2","femmine","Y18-29","18-29 anni","2019-Q3","T3-2019",20.624298,,
"IT","Italia","UNEM_R","tasso di disoccupazione","2","femmine","Y18-29","18-29 anni","2020","2020",23.855272,,
"IT","Italia","UNEM_R","tasso di disoccupazione","2","femmine","Y18-29","18-29 anni","2020-Q2","T2-2020",21.251077,,
"IT","Italia","UNEM_R","tasso di disoccupazione","2","femmine","Y18-29","18-29 anni","2020-Q1","T1-2020",23.71178,,
"IT","Italia","UNEM_R","tasso di disoccupazione","2","femmine","Y18-29","18-29 anni","2020-Q3","T3-2020",26.719921,,
"IT","Italia","UNEM_R","tasso di disoccupazione","2","femmine","Y18-29","18-29 anni","2020-Q4","T4-2020",23.442095,,
"IT","Italia","UNEM_R","tasso di disoccupazione","2","femmine","Y18-29","18-29 anni","2021","2021",23.189518,,
"IT","Italia","UNEM_R","tasso di disoccupazione","2","femmine","Y18-29","18-29 anni","2022","2022",19.440909,,
"IT","Italia","UNEM_R","tasso di disoccupazione","2","femmine","Y18-29","18-29 anni","2023","2023",18.136052,,
"IT","Italia","UNEM_R","tasso di disoccupazione","2","femmine","Y18-29","18-29 anni","2021-Q1","T1-2021",25.874879,,
"IT","Italia","UNEM_R","tasso di disoccupazione","2","femmine","Y18-29","18-29 anni","2021-Q2","T2-2021",22.875804,,
"IT","Italia","UNEM_R","tasso di disoccupazione","2","femmine","Y18-29","18-29 anni","2021-Q3","T3-2021",23.397233,,
"IT","Italia","UNEM_R","tasso di disoccupazione","2","femmine","Y18-29","18-29 anni","2021-Q4","T4-2021",20.8663,,
"IT","Italia","UNEM_R","tasso di disoccupazione","2","femmine","Y18-29","18-29 anni","2022-Q1","T1-2022",20.523738,,
"IT","Italia","UNEM_R","tasso di disoccupazione","2","femmine","Y18-29","18-29 anni","2022-Q2","T2-2022",18.165564,,
"IT","Italia","UNEM_R","tasso di disoccupazione","2","femmine","Y18-29","18-29 anni","2022-Q3","T3-2022",18.826285,,
"IT","Italia","UNEM_R","tasso di disoccupazione","2","femmine","Y18-29","18-29 anni","2022-Q4","T4-2022",20.255745,,
"IT","Italia","UNEM_R","tasso di disoccupazione","2","femmine","Y18-29","18-29 anni","2023-Q1","T1-2023",18.556017,,
"IT","Italia","UNEM_R","tasso di disoccupazione","2","femmine","Y18-29","18-29 anni","2023-Q2","T2-2023",17.320865,,
"IT","Italia","UNEM_R","tasso di disoccupazione","2","femmine","Y18-29","18-29 anni","2023-Q3","T3-2023",18.131608,,
"IT","Italia","UNEM_R","tasso di disoccupazione","2","femmine","Y18-29","18-29 anni","2023-Q4","T4-2023",18.525944,,
"IT","Italia","UNEM_R","tasso di disoccupazione","2","femmine","Y18-29","18-29 anni","2024-Q1","T1-2024",17.040667,,
"IT","Italia","UNEM_R","tasso di disoccupazione","2","femmine","Y18-29","18-29 anni","2024-Q2","T2-2024",15.618793,,
"ITD","Nord-est","UNEM_R","tasso di disoccupazione","1","maschi","Y18-29","18-29 anni","2018","2018",11.114236,,
"ITD","Nord-est","UNEM_R","tasso di disoccupazione","1","maschi","Y18-29","18-29 anni","2018-Q2","T2-2018",10.161316,,
"ITD","Nord-est","UNEM_R","tasso di disoccupazione","1","maschi","Y18-29","18-29 anni","2018-Q1","T1-2018",10.746714,,
"ITD","Nord-est","UNEM_R","tasso di disoccupazione","1","maschi","Y18-29","18-29 anni","2018-Q4","T4-2018",12.340875,,
"ITD","Nord-est","UNEM_R","tasso di disoccupazione","1","maschi","Y18-29","18-29 anni","2018-Q3","T3-2018",11.188644,,
"ITD","Nord-est","UNEM_R","tasso di disoccupazione","1","maschi","Y18-29","18-29 anni","2019","2019",10.368993,,
"ITD","Nord-est","UNEM_R","tasso di disoccupazione","1","maschi","Y18-29","18-29 anni","2019-Q1","T1-2019",10.426351,,
"ITD","Nord-est","UNEM_R","tasso di disoccupazione","1","maschi","Y18-29","18-29 anni","2019-Q2","T2-2019",8.481672,,
"ITD","Nord-est","UNEM_R","tasso di disoccupazione","1","maschi","Y18-29","18-29 anni","2019-Q4","T4-2019",12.539751,,
"ITD","Nord-est","UNEM_R","tasso di disoccupazione","1","maschi","Y18-29","18-29 anni","2019-Q3","T3-2019",9.964359,,
"ITD","Nord-est","UNEM_R","tasso di disoccupazione","1","maschi","Y18-29","18-29 anni","2020","2020",12.306883,,
"ITD","Nord-est","UNEM_R","tasso di disoccupazione","1","maschi","Y18-29","18-29 anni","2020-Q2","T2-2020",10.847593,,
"ITD","Nord-est","UNEM_R","tasso di disoccupazione","1","maschi","Y18-29","18-29 anni","2020-Q1","T1-2020",10.427121,,
"ITD","Nord-est","UNEM_R","tasso di disoccupazione","1","maschi","Y18-29","18-29 anni","2020-Q3","T3-2020",14.699317,,
"ITD","Nord-est","UNEM_R","tasso di disoccupazione","1","maschi","Y18-29","18-29 anni","2020-Q4","T4-2020",13.201586,,
"ITD","Nord-est","UNEM_R","tasso di disoccupazione","1","maschi","Y18-29","18-29 anni","2021","2021",11.132036,,
"ITD","Nord-est","UNEM_R","tasso di disoccupazione","1","maschi","Y18-29","18-29 anni","2022","2022",8.936119,,
"ITD","Nord-est","UNEM_R","tasso di disoccupazione","1","maschi","Y18-29","18-29 anni","2023","2023",8.420313,,
"ITD","Nord-est","UNEM_R","tasso di disoccupazione","1","maschi","Y18-29","18-29 anni","2021-Q1","T1-2021",14.253983,,
"ITD","Nord-est","UNEM_R","tasso di disoccupazione","1","maschi","Y18-29","18-29 anni","2021-Q2","T2-2021",8.430887,,
"ITD","Nord-est","UNEM_R","tasso di disoccupazione","1","maschi","Y18-29","18-29 anni","2021-Q3","T3-2021",8.288324,,
"ITD","Nord-est","UNEM_R","tasso di disoccupazione","1","maschi","Y18-29","18-29 anni","2021-Q4","T4-2021",13.44645,,
"ITD","Nord-est","UNEM_R","tasso di disoccupazione","1","maschi","Y18-29","18-29 anni","2022-Q1","T1-2022",10.784683,,
"ITD","Nord-est","UNEM_R","tasso di disoccupazione","1","maschi","Y18-29","18-29 anni","2022-Q2","T2-2022",8.342238,,
"ITD","Nord-est","UNEM_R","tasso di disoccupazione","1","maschi","Y18-29","18-29 anni","2022-Q3","T3-2022",8.879881,,
"ITD","Nord-est","UNEM_R","tasso di disoccupazione","1","maschi","Y18-29","18-29 anni","2022-Q4","T4-2022",7.759562,,
"ITD","Nord-est","UNEM_R","tasso di disoccupazione","1","maschi","Y18-29","18-29 anni","2023-Q1","T1-2023",8.615399,,
"ITD","Nord-est","UNEM_R","tasso di disoccupazione","1","maschi","Y18-29","18-29 anni","2023-Q2","T2-2023",8.058124,,
"ITD","Nord-est","UNEM_R","tasso di disoccupazione","1","maschi","Y18-29","18-29 anni","2023-Q3","T3-2023",8.25202,,
"ITD","Nord-est","UNEM_R","tasso di disoccupazione","1","maschi","Y18-29","18-29 anni","2023-Q4","T4-2023",8.754296,,
"ITD","Nord-est","UNEM_R","tasso di disoccupazione","1","maschi","Y18-29","18-29 anni","2024-Q1","T1-2024",8.276072,,
"ITD","Nord-est","UNEM_R","tasso di disoccupazione","1","maschi","Y18-29","18-29 anni","2024-Q2","T2-2024",6.182128,,
"ITE","Centro","UNEM_R","tasso di disoccupazione","1","maschi","Y18-29","18-29 anni","2018","2018",22.237539,,
"ITE","Centro","UNEM_R","tasso di disoccupazione","1","maschi","Y18-29","18-29 anni","2018-Q2","T2-2018",24.199063,,
"ITE","Centro","UNEM_R","tasso di disoccupazione","1","maschi","Y18-29","18-29 anni","2018-Q1","T1-2018",22.472442,,
"ITE","Centro","UNEM_R","tasso di disoccupazione","1","maschi","Y18-29","18-29 anni","2018-Q4","T4-2018",22.471489,,
"ITE","Centro","UNEM_R","tasso di disoccupazione","1","maschi","Y18-29","18-29 anni","2018-Q3","T3-2018",19.685857,,
"ITE","Centro","UNEM_R","tasso di disoccupazione","1","maschi","Y18-29","18-29 anni","2019","2019",19.389946,,
"ITE","Centro","UNEM_R","tasso di disoccupazione","1","maschi","Y18-29","18-29 anni","2019-Q1","T1-2019",20.096896,,
"ITE","Centro","UNEM_R","tasso di disoccupazione","1","maschi","Y18-29","18-29 anni","2019-Q2","T2-2019",19.727044,,
"ITE","Centro","UNEM_R","tasso di disoccupazione","1","maschi","Y18-29","18-29 anni","2019-Q4","T4-2019",20.216197,,
"ITE","Centro","UNEM_R","tasso di disoccupazione","1","maschi","Y18-29","18-29 anni","2019-Q3","T3-2019",17.478069,,
"ITE","Centro","UNEM_R","tasso di disoccupazione","1","maschi","Y18-29","18-29 anni","2020","2020",21.168867,,
"ITE","Centro","UNEM_R","tasso di disoccupazione","1","maschi","Y18-29","18-29 anni","2020-Q2","T2-2020",14.296126,,
"ITE","Centro","UNEM_R","tasso di disoccupazione","1","maschi","Y18-29","18-29 anni","2020-Q1","T1-2020",19.758887,,
"ITE","Centro","UNEM_R","tasso di disoccupazione","1","maschi","Y18-29","18-29 anni","2020-Q3","T3-2020",25.521713,,
"ITE","Centro","UNEM_R","tasso di disoccupazione","1","maschi","Y18-29","18-29 anni","2020-Q4","T4-2020",24.239303,,
"ITE","Centro","UNEM_R","tasso di disoccupazione","1","maschi","Y18-29","18-29 anni","2021","2021",21.756838,,
"ITE","Centro","UNEM_R","tasso di disoccupazione","1","maschi","Y18-29","18-29 anni","2022","2022",16.049932,,
"ITE","Centro","UNEM_R","tasso di disoccupazione","1","maschi","Y18-29","18-29 anni","2023","2023",13.537762,,
"ITE","Centro","UNEM_R","tasso di disoccupazione","1","maschi","Y18-29","18-29 anni","2021-Q1","T1-2021",26.349748,,
"ITE","Centro","UNEM_R","tasso di disoccupazione","1","maschi","Y18-29","18-29 anni","2021-Q2","T2-2021",18.737895,,
"ITE","Centro","UNEM_R","tasso di disoccupazione","1","maschi","Y18-29","18-29 anni","2021-Q3","T3-2021",20.001356,,
"ITE","Centro","UNEM_R","tasso di disoccupazione","1","maschi","Y18-29","18-29 anni","2021-Q4","T4-2021",21.690592,,
"ITE","Centro","UNEM_R","tasso di disoccupazione","1","maschi","Y18-29","18-29 anni","2022-Q1","T1-2022",17.579335,,
"ITE","Centro","UNEM_R","tasso di disoccupazione","1","maschi","Y18-29","18-29 anni","2022-Q2","T2-2022",14.487527,,
"ITE","Centro","UNEM_R","tasso di disoccupazione","1","maschi","Y18-29","18-29 anni","2022-Q3","T3-2022",14.45455,,
"ITE","Centro","UNEM_R","tasso di disoccupazione","1","maschi","Y18-29","18-29 anni","2022-Q4","T4-2022",17.718444,,
"ITE","Centro","UNEM_R","tasso di disoccupazione","1","maschi","Y18-29","18-29 anni","2023-Q1","T1-2023",14.235273,,
"ITE","Centro","UNEM_R","tasso di disoccupazione","1","maschi","Y18-29","18-29 anni","2023-Q2","T2-2023",13.682659,,
"ITE","Centro","UNEM_R","tasso di disoccupazione","1","maschi","Y18-29","18-29 anni","2023-Q3","T3-2023",10.203977,,
"ITE","Centro","UNEM_R","tasso di disoccupazione","1","maschi","Y18-29","18-29 anni","2023-Q4","T4-2023",16.004755,,
"ITE","Centro","UNEM_R","tasso di disoccupazione","1","maschi","Y18-29","18-29 anni","2024-Q1","T1-2024",11.64284,,
"ITE","Centro","UNEM_R","tasso di disoccupazione","1","maschi","Y18-29","18-29 anni","2024-Q2","T2-2024",11.890477,,
"ITFG","Mezzogiorno","UNEM_R","tasso di disoccupazione","2","femmine","Y18-29","18-29 anni","2018","2018",42.646686,,
"ITFG","Mezzogiorno","UNEM_R","tasso di disoccupazione","2","femmine","Y18-29","18-29 anni","2018-Q2","T2-2018",42.706848,,
"ITFG","Mezzogiorno","UNEM_R","tasso di disoccupazione","2","femmine","Y18-29","18-29 anni","2018-Q1","T1-2018",42.982235,,
"ITFG","Mezzogiorno","UNEM_R","tasso di disoccupazione","2","femmine","Y18-29","18-29 anni","2018-Q4","T4-2018",44.99659,,
"ITFG","Mezzogiorno","UNEM_R","tasso di disoccupazione","2","femmine","Y18-29","18-29 anni","2018-Q3","T3-2018",39.840619,,
"ITFG","Mezzogiorno","UNEM_R","tasso di disoccupazione","2","femmine","Y18-29","18-29 anni","2019","2019",40.664754,,
"ITFG","Mezzogiorno","UNEM_R","tasso di disoccupazione","2","femmine","Y18-29","18-29 anni","2019-Q1","T1-2019",43.189794,,
"ITFG","Mezzogiorno","UNEM_R","tasso di disoccupazione","2","femmine","Y18-29","18-29 anni","2019-Q2","T2-2019",40.219167,,
"ITFG","Mezzogiorno","UNEM_R","tasso di disoccupazione","2","femmine","Y18-29","18-29 anni","2019-Q4","T4-2019",41.88232,,
"ITFG","Mezzogiorno","UNEM_R","tasso di disoccupazione","2","femmine","Y18-29","18-29 anni","2019-Q3","T3-2019",37.109729,,
"ITFG","Mezzogiorno","UNEM_R","tasso di disoccupazione","2","femmine","Y18-29","18-29 anni","2020","2020",38.834069,,
"ITFG","Mezzogiorno","UNEM_R","tasso di disoccupazione","2","femmine","Y18-29","18-29 anni","2020-Q2","T2-2020",36.557189,,
"ITFG","Mezzogiorno","UNEM_R","tasso di disoccupazione","2","femmine","Y18-29","18-29 anni","2020-Q1","T1-2020",40.995382,,
"ITFG","Mezzogiorno","UNEM_R","tasso di disoccupazione","2","femmine","Y18-29","18-29 anni","2020-Q3","T3-2020",43.292332,,
"ITFG","Mezzogiorno","UNEM_R","tasso di disoccupazione","2","femmine","Y18-29","18-29 anni","2020-Q4","T4-2020",33.671263,,
"ITFG","Mezzogiorno","UNEM_R","tasso di disoccupazione","2","femmine","Y18-29","18-29 anni","2021","2021",39.471358,,
"ITFG","Mezzogiorno","UNEM_R","tasso di disoccupazione","2","femmine","Y18-29","18-29 anni","2022","2022",34.559854,,
"ITFG","Mezzogiorno","UNEM_R","tasso di disoccupazione","2","femmine","Y18-29","18-29 anni","2023","2023",32.40762,,
"ITFG","Mezzogiorno","UNEM_R","tasso di disoccupazione","2","femmine","Y18-29","18-29 anni","2021-Q1","T1-2021",41.930863,,
"ITFG","Mezzogiorno","UNEM_R","tasso di disoccupazione","2","femmine","Y18-29","18-29 anni","2021-Q2","T2-2021",40.275915,,
"ITFG","Mezzogiorno","UNEM_R","tasso di disoccupazione","2","femmine","Y18-29","18-29 anni","2021-Q3","T3-2021",39.809625,,
"ITFG","Mezzogiorno","UNEM_R","tasso di disoccupazione","2","femmine","Y18-29","18-29 anni","2021-Q4","T4-2021",36.065016,,
"ITFG","Mezzogiorno","UNEM_R","tasso di disoccupazione","2","femmine","Y18-29","18-29 anni","2022-Q1","T1-2022",36.517466,,
"ITFG","Mezzogiorno","UNEM_R","tasso di disoccupazione","2","femmine","Y18-29","18-29 anni","2022-Q2","T2-2022",30.903713,,
"ITFG","Mezzogiorno","UNEM_R","tasso di disoccupazione","2","femmine","Y18-29","18-29 anni","2022-Q3","T3-2022",34.579568,,
"ITFG","Mezzogiorno","UNEM_R","tasso di disoccupazione","2","femmine","Y18-29","18-29 anni","2022-Q4","T4-2022",36.344125,,
"ITFG","Mezzogiorno","UNEM_R","tasso di disoccupazione","2","femmine","Y18-29","18-29 anni","2023-Q1","T1-2023",33.917053,,
"ITFG","Mezzogiorno","UNEM_R","tasso di disoccupazione","2","femmine","Y18-29","18-29 anni","2023-Q2","T2-2023",28.266163,,
"ITFG","Mezzogiorno","UNEM_R","tasso di disoccupazione","2","femmine","Y18-29","18-29 anni","2023-Q3","T3-2023",33.442715,,
"ITFG","Mezzogiorno","UNEM_R","tasso di disoccupazione","2","femmine","Y18-29","18-29 anni","2023-Q4","T4-2023",34.154585,,
"ITFG","Mezzogiorno","UNEM_R","tasso di disoccupazione","2","femmine","Y18-29","18-29 anni","2024-Q1","T1-2024",30.009758,,
"ITFG","Mezzogiorno","UNEM_R","tasso di disoccupazione","2","femmine","Y18-29","18-29 anni","2024-Q2","T2-2024",28.841019,,
"ITCD","Nord","UNEM_R","tasso di disoccupazione","1","maschi","Y18-29","18-29 anni","2018","2018",13.717939,,
"ITCD","Nord","UNEM_R","tasso di disoccupazione","1","maschi","Y18-29","18-29 anni","2018-Q2","T2-2018",12.663518,,
"ITCD","Nord","UNEM_R","tasso di disoccupazione","1","maschi","Y18-29","18-29 anni","2018-Q1","T1-2018",13.537826,,
"ITCD","Nord","UNEM_R","tasso di disoccupazione","1","maschi","Y18-29","18-29 anni","2018-Q4","T4-2018",14.987452,,
"ITCD","Nord","UNEM_R","tasso di disoccupazione","1","maschi","Y18-29","18-29 anni","2018-Q3","T3-2018",13.672328,,
"ITCD","Nord","UNEM_R","tasso di disoccupazione","1","maschi","Y18-29","18-29 anni","2019","2019",11.62348,,
"ITCD","Nord","UNEM_R","tasso di disoccupazione","1","maschi","Y18-29","18-29 anni","2019-Q1","T1-2019",12.106179,,
"ITCD","Nord","UNEM_R","tasso di disoccupazione","1","maschi","Y18-29","18-29 anni","2019-Q2","T2-2019",10.593716,,
"ITCD","Nord","UNEM_R","tasso di disoccupazione","1","maschi","Y18-29","18-29 anni","2019-Q4","T4-2019",12.540532,,
"ITCD","Nord","UNEM_R","tasso di disoccupazione","1","maschi","Y18-29","18-29 anni","2019-Q3","T3-2019",11.229101,,
"ITCD","Nord","UNEM_R","tasso di disoccupazione","1","maschi","Y18-29","18-29 anni","2020","2020",13.060387,,
"ITCD","Nord","UNEM_R","tasso di disoccupazione","1","maschi","Y18-29","18-29 anni","2020-Q2","T2-2020",10.67106,,
"ITCD","Nord","UNEM_R","tasso di disoccupazione","1","maschi","Y18-29","18-29 anni","2020-Q1","T1-2020",12.441013,,
"ITCD","Nord","UNEM_R","tasso di disoccupazione","1","maschi","Y18-29","18-29 anni","2020-Q3","T3-2020",15.132459,,
"ITCD","Nord","UNEM_R","tasso di disoccupazione","1","maschi","Y18-29","18-29 anni","2020-Q4","T4-2020",13.853929,,
"ITCD","Nord","UNEM_R","tasso di disoccupazione","1","maschi","Y18-29","18-29 anni","2021","2021",13.547591,,
"ITCD","Nord","UNEM_R","tasso di disoccupazione","1","maschi","Y18-29","18-29 anni","2022","2022",10.315943,,
"ITCD","Nord","UNEM_R","tasso di disoccupazione","1","maschi","Y18-29","18-29 anni","2023","2023",9.638331,,
"ITCD","Nord","UNEM_R","tasso di disoccupazione","1","maschi","Y18-29","18-29 anni","2021-Q1","T1-2021",16.361545,,
"ITCD","Nord","UNEM_R","tasso di disoccupazione","1","maschi","Y18-29","18-29 anni","2021-Q2","T2-2021",13.25912,,
"ITCD","Nord","UNEM_R","tasso di disoccupazione","1","maschi","Y18-29","18-29 anni","2021-Q3","T3-2021",10.698488,,
"ITCD","Nord","UNEM_R","tasso di disoccupazione","1","maschi","Y18-29","18-29 anni","2021-Q4","T4-2021",14.004579,,
"ITCD","Nord","UNEM_R","tasso di disoccupazione","1","maschi","Y18-29","18-29 anni","2022-Q1","T1-2022",11.560744,,
"ITCD","Nord","UNEM_R","tasso di disoccupazione","1","maschi","Y18-29","18-29 anni","2022-Q2","T2-2022",9.843131,,
"ITCD","Nord","UNEM_R","tasso di disoccupazione","1","maschi","Y18-29","18-29 anni","2022-Q3","T3-2022",10.163676,,
"ITCD","Nord","UNEM_R","tasso di disoccupazione","1","maschi","Y18-29","18-29 anni","2022-Q4","T4-2022",9.718689,,
"ITCD","Nord","UNEM_R","tasso di disoccupazione","1","maschi","Y18-29","18-29 anni","2023-Q1","T1-2023",9.598307,,
"ITCD","Nord","UNEM_R","tasso di disoccupazione","1","maschi","Y18-29","18-29 anni","2023-Q2","T2-2023",9.928988,,
"ITCD","Nord","UNEM_R","tasso di disoccupazione","1","maschi","Y18-29","18-29 anni","2023-Q3","T3-2023",9.613286,,
"ITCD","Nord","UNEM_R","tasso di disoccupazione","1","maschi","Y18-29","18-29 anni","2023-Q4","T4-2023",9.410763,,
"ITCD","Nord","UNEM_R","tasso di disoccupazione","1","maschi","Y18-29","18-29 anni","2024-Q1","T1-2024",9.164637,,
"ITCD","Nord","UNEM_R","tasso di disoccupazione","1","maschi","Y18-29","18-29 anni","2024-Q2","T2-2024",8.235685,,
"ITC","Nord-ovest","UNEM_R","tasso di disoccupazione","2","femmine","Y18-29","18-29 anni","2018","2018",18.450026,,
"ITC","Nord-ovest","UNEM_R","tasso di disoccupazione","2","femmine","Y18-29","18-29 anni","2018-Q2","T2-2018",18.801227,,
"ITC","Nord-ovest","UNEM_R","tasso di disoccupazione","2","femmine","Y18-29","18-29 anni","2018-Q1","T1-2018",18.012725,,
"ITC","Nord-ovest","UNEM_R","tasso di disoccupazione","2","femmine","Y18-29","18-29 anni","2018-Q4","T4-2018",19.027255,,
"ITC","Nord-ovest","UNEM_R","tasso di disoccupazione","2","femmine","Y18-29","18-29 anni","2018-Q3","T3-2018",17.942299,,
"ITC","Nord-ovest","UNEM_R","tasso di disoccupazione","2","femmine","Y18-29","18-29 anni","2019","2019",16.243991,,
"ITC","Nord-ovest","UNEM_R","tasso di disoccupazione","2","femmine","Y18-29","18-29 anni","2019-Q1","T1-2019",16.746558,,
"ITC","Nord-ovest","UNEM_R","tasso di disoccupazione","2","femmine","Y18-29","18-29 anni","2019-Q2","T2-2019",13.550933,,
"ITC","Nord-ovest","UNEM_R","tasso di disoccupazione","2","femmine","Y18-29","18-29 anni","2019-Q4","T4-2019",19.388294,,
"ITC","Nord-ovest","UNEM_R","tasso di disoccupazione","2","femmine","Y18-29","18-29 anni","2019-Q3","T3-2019",15.335569,,
"ITC","Nord-ovest","UNEM_R","tasso di disoccupazione","2","femmine","Y18-29","18-29 anni","2020","2020",17.091176,,
"ITC","Nord-ovest","UNEM_R","tasso di disoccupazione","2","femmine","Y18-29","18-29 anni","2020-Q2","T2-2020",14.385644,,
"ITC","Nord-ovest","UNEM_R","tasso di disoccupazione","2","femmine","Y18-29","18-29 anni","2020-Q1","T1-2020",15.719742,,
"ITC","Nord-ovest","UNEM_R","tasso di disoccupazione","2","femmine","Y18-29","18-29 anni","2020-Q3","T3-2020",19.863948,,
"ITC","Nord-ovest","UNEM_R","tasso di disoccupazione","2","femmine","Y18-29","18-29 anni","2020-Q4","T4-2020",18.435795,,
"ITC","Nord-ovest","UNEM_R","tasso di disoccupazione","2","femmine","Y18-29","18-29 anni","2021","2021",15.930545,,
"ITC","Nord-ovest","UNEM_R","tasso di disoccupazione","2","femmine","Y18-29","18-29 anni","2022","2022",13.768091,,
"ITC","Nord-ovest","UNEM_R","tasso di disoccupazione","2","femmine","Y18-29","18-29 anni","2023","2023",10.977523,,
"ITC","Nord-ovest","UNEM_R","tasso di disoccupazione","2","femmine","Y18-29","18-29 anni","2021-Q1","T1-2021",20.204062,,
"ITC","Nord-ovest","UNEM_R","tasso di disoccupazione","2","femmine","Y18-29","18-29 anni","2021-Q2","T2-2021",14.253854,,
"ITC","Nord-ovest","UNEM_R","tasso di disoccupazione","2","femmine","Y18-29","18-29 anni","2021-Q3","T3-2021",15.438231,,
"ITC","Nord-ovest","UNEM_R","tasso di disoccupazione","2","femmine","Y18-29","18-29 anni","2021-Q4","T4-2021",14.30046,,
"ITC","Nord-ovest","UNEM_R","tasso di disoccupazione","2","femmine","Y18-29","18-29 anni","2022-Q1","T1-2022",13.7233,,
"ITC","Nord-ovest","UNEM_R","tasso di disoccupazione","2","femmine","Y18-29","18-29 anni","2022-Q2","T2-2022",14.319345,,
"ITC","Nord-ovest","UNEM_R","tasso di disoccupazione","2","femmine","Y18-29","18-29 anni","2022-Q3","T3-2022",12.998342,,
"ITC","Nord-ovest","UNEM_R","tasso di disoccupazione","2","femmine","Y18-29","18-29 anni","2022-Q4","T4-2022",14.012128,,
"ITC","Nord-ovest","UNEM_R","tasso di disoccupazione","2","femmine","Y18-29","18-29 anni","2023-Q1","T1-2023",11.162956,,
"ITC","Nord-ovest","UNEM_R","tasso di disoccupazione","2","femmine","Y18-29","18-29 anni","2023-Q2","T2-2023",11.026648,,
"ITC","Nord-ovest","UNEM_R","tasso di disoccupazione","2","femmine","Y18-29","18-29 anni","2023-Q3","T3-2023",10.853604,,
"ITC","Nord-ovest","UNEM_R","tasso di disoccupazione","2","femmine","Y18-29","18-29 anni","2023-Q4","T4-2023",10.868697,,
"ITC","Nord-ovest","UNEM_R","tasso di disoccupazione","2","femmine","Y18-29","18-29 anni","2024-Q1","T1-2024",9.076502,,
"ITC","Nord-ovest","UNEM_R","tasso di disoccupazione","2","femmine","Y18-29","18-29 anni","2024-Q2","T2-2024",9.162962,,
"ITCD","Nord","UNEM_R","tasso di disoccupazione","2","femmine","Y18-29","18-29 anni","2018","2018",17.412299,,
"ITCD","Nord","UNEM_R","tasso di disoccupazione","2","femmine","Y18-29","18-29 anni","2018-Q2","T2-2018",16.902022,,
"ITCD","Nord","UNEM_R","tasso di disoccupazione","2","femmine","Y18-29","18-29 anni","2018-Q1","T1-2018",18.817977,,
"ITCD","Nord","UNEM_R","tasso di disoccupazione","2","femmine","Y18-29","18-29 anni","2018-Q4","T4-2018",18.575574,,
"ITCD","Nord","UNEM_R","tasso di disoccupazione","2","femmine","Y18-29","18-29 anni","2018-Q3","T3-2018",15.262074,,
"ITCD","Nord","UNEM_R","tasso di disoccupazione","2","femmine","Y18-29","18-29 anni","2019","2019",15.315677,,
"ITCD","Nord","UNEM_R","tasso di disoccupazione","2","femmine","Y18-29","18-29 anni","2019-Q1","T1-2019",15.32867,,
"ITCD","Nord","UNEM_R","tasso di disoccupazione","2","femmine","Y18-29","18-29 anni","2019-Q2","T2-2019",14.06871,,
"ITCD","Nord","UNEM_R","tasso di disoccupazione","2","femmine","Y18-29","18-29 anni","2019-Q4","T4-2019",17.943198,,
"ITCD","Nord","UNEM_R","tasso di disoccupazione","2","femmine","Y18-29","18-29 anni","2019-Q3","T3-2019",13.829227,,
"ITCD","Nord","UNEM_R","tasso di disoccupazione","2","femmine","Y18-29","18-29 anni","2020","2020",16.77711,,
"ITCD","Nord","UNEM_R","tasso di disoccupazione","2","femmine","Y18-29","18-29 anni","2020-Q2","T2-2020",14.035068,,
"ITCD","Nord","UNEM_R","tasso di disoccupazione","2","femmine","Y18-29","18-29 anni","2020-Q1","T1-2020",15.85965,,
"ITCD","Nord","UNEM_R","tasso di disoccupazione","2","femmine","Y18-29","18-29 anni","2020-Q3","T3-2020",18.32466,,
"ITCD","Nord","UNEM_R","tasso di disoccupazione","2","femmine","Y18-29","18-29 anni","2020-Q4","T4-2020",18.800197,,
"ITCD","Nord","UNEM_R","tasso di disoccupazione","2","femmine","Y18-29","18-29 anni","2021","2021",14.939887,,
"ITCD","Nord","UNEM_R","tasso di disoccupazione","2","femmine","Y18-29","18-29 anni","2022","2022",12.422353,,
"ITCD","Nord","UNEM_R","tasso di disoccupazione","2","femmine","Y18-29","18-29 anni","2023","2023",11.296732,,
"ITCD","Nord","UNEM_R","tasso di disoccupazione","2","femmine","Y18-29","18-29 anni","2021-Q1","T1-2021",17.717961,,
"ITCD","Nord","UNEM_R","tasso di disoccupazione","2","femmine","Y18-29","18-29 anni","2021-Q2","T2-2021",13.859047,,
"ITCD","Nord","UNEM_R","tasso di disoccupazione","2","femmine","Y18-29","18-29 anni","2021-Q3","T3-2021",15.084791,,
"ITCD","Nord","UNEM_R","tasso di disoccupazione","2","femmine","Y18-29","18-29 anni","2021-Q4","T4-2021",13.401256,,
"ITCD","Nord","UNEM_R","tasso di disoccupazione","2","femmine","Y18-29","18-29 anni","2022-Q1","T1-2022",12.654908,,
"ITCD","Nord","UNEM_R","tasso di disoccupazione","2","femmine","Y18-29","18-29 anni","2022-Q2","T2-2022",12.321618,,
"ITCD","Nord","UNEM_R","tasso di disoccupazione","2","femmine","Y18-29","18-29 anni","2022-Q3","T3-2022",11.95481,,
"ITCD","Nord","UNEM_R","tasso di disoccupazione","2","femmine","Y18-29","18-29 anni","2022-Q4","T4-2022",12.763725,,
"ITCD","Nord","UNEM_R","tasso di disoccupazione","2","femmine","Y18-29","18-29 anni","2023-Q1","T1-2023",11.030078,,
"ITCD","Nord","UNEM_R","tasso di disoccupazione","2","femmine","Y18-29","18-29 anni","2023-Q2","T2-2023",11.395254,,
"ITCD","Nord","UNEM_R","tasso di disoccupazione","2","femmine","Y18-29","18-29 anni","2023-Q3","T3-2023",11.366852,,
"ITCD","Nord","UNEM_R","tasso di disoccupazione","2","femmine","Y18-29","18-29 anni","2023-Q4","T4-2023",11.388792,,
"ITCD","Nord","UNEM_R","tasso di disoccupazione","2","femmine","Y18-29","18-29 anni","2024-Q1","T1-2024",9.371157,,
"ITCD","Nord","UNEM_R","tasso di disoccupazione","2","femmine","Y18-29","18-29 anni","2024-Q2","T2-2024",8.498053,,
"IT","Italia","UNEM_R","tasso di disoccupazione","1","maschi","Y18-29","18-29 anni","2018","2018",23.220046,,
"IT","Italia","UNEM_R","tasso di disoccupazione","1","maschi","Y18-29","18-29 anni","2018-Q2","T2-2018",22.80605,,
"IT","Italia","UNEM_R","tasso di disoccupazione","1","maschi","Y18-29","18-29 anni","2018-Q1","T1-2018",23.573819,,
"IT","Italia","UNEM_R","tasso di disoccupazione","1","maschi","Y18-29","18-29 anni","2018-Q4","T4-2018",24.518365,,
"IT","Italia","UNEM_R","tasso di disoccupazione","1","maschi","Y18-29","18-29 anni","2018-Q3","T3-2018",21.970349,,
"IT","Italia","UNEM_R","tasso di disoccupazione","1","maschi","Y18-29","18-29 anni","2019","2019",20.998607,,
"IT","Italia","UNEM_R","tasso di disoccupazione","1","maschi","Y18-29","18-29 anni","2019-Q1","T1-2019",22.910257,,
"IT","Italia","UNEM_R","tasso di disoccupazione","1","maschi","Y18-29","18-29 anni","2019-Q2","T2-2019",20.543171,,
"IT","Italia","UNEM_R","tasso di disoccupazione","1","maschi","Y18-29","18-29 anni","2019-Q4","T4-2019",21.127895,,
"IT","Italia","UNEM_R","tasso di disoccupazione","1","maschi","Y18-29","18-29 anni","2019-Q3","T3-2019",19.410716,,
"IT","Italia","UNEM_R","tasso di disoccupazione","1","maschi","Y18-29","18-29 anni","2020","2020",21.21285,,
"IT","Italia","UNEM_R","tasso di disoccupazione","1","maschi","Y18-29","18-29 anni","2020-Q2","T2-2020",17.627918,,
"IT","Italia","UNEM_R","tasso di disoccupazione","1","maschi","Y18-29","18-29 anni","2020-Q1","T1-2020",21.689092,,
"IT","Italia","UNEM_R","tasso di disoccupazione","1","maschi","Y18-29","18-29 anni","2020-Q3","T3-2020",22.57007,,
"IT","Italia","UNEM_R","tasso di disoccupazione","1","maschi","Y18-29","18-29 anni","2020-Q4","T4-2020",22.626714,,
"IT","Italia","UNEM_R","tasso di disoccupazione","1","maschi","Y18-29","18-29 anni","2021","2021",21.151967,,
"IT","Italia","UNEM_R","tasso di disoccupazione","1","maschi","Y18-29","18-29 anni","2022","2022",16.652538,,
"IT","Italia","UNEM_R","tasso di disoccupazione","1","maschi","Y18-29","18-29 anni","2023","2023",15.451423,,
"IT","Italia","UNEM_R","tasso di disoccupazione","1","maschi","Y18-29","18-29 anni","2021-Q1","T1-2021",24.630692,,
"IT","Italia","UNEM_R","tasso di disoccupazione","1","maschi","Y18-29","18-29 anni","2021-Q2","T2-2021",20.962544,,
"IT","Italia","UNEM_R","tasso di disoccupazione","1","maschi","Y18-29","18-29 anni","2021-Q3","T3-2021",17.843621,,
"IT","Italia","UNEM_R","tasso di disoccupazione","1","maschi","Y18-29","18-29 anni","2021-Q4","T4-2021",21.322499,,
"IT","Italia","UNEM_R","tasso di disoccupazione","1","maschi","Y18-29","18-29 anni","2022-Q1","T1-2022",18.754109,,
"IT","Italia","UNEM_R","tasso di disoccupazione","1","maschi","Y18-29","18-29 anni","2022-Q2","T2-2022",15.398725,,
"IT","Italia","UNEM_R","tasso di disoccupazione","1","maschi","Y18-29","18-29 anni","2022-Q3","T3-2022",15.642429,,
"IT","Italia","UNEM_R","tasso di disoccupazione","1","maschi","Y18-29","18-29 anni","2022-Q4","T4-2022",16.861182,,
"IT","Italia","UNEM_R","tasso di disoccupazione","1","maschi","Y18-29","18-29 anni","2023-Q1","T1-2023",16.634338,,
"IT","Italia","UNEM_R","tasso di disoccupazione","1","maschi","Y18-29","18-29 anni","2023-Q2","T2-2023",15.343883,,
"IT","Italia","UNEM_R","tasso di disoccupazione","1","maschi","Y18-29","18-29 anni","2023-Q3","T3-2023",14.584618,,
"IT","Italia","UNEM_R","tasso di disoccupazione","1","maschi","Y18-29","18-29 anni","2023-Q4","T4-2023",15.249761,,
"IT","Italia","UNEM_R","tasso di disoccupazione","1","maschi","Y18-29","18-29 anni","2024-Q1","T1-2024",15.31423,,
"IT","Italia","UNEM_R","tasso di disoccupazione","1","maschi","Y18-29","18-29 anni","2024-Q2","T2-2024",13.510271,,
"ITC","Nord-ovest","UNEM_R","tasso di disoccupazione","1","maschi","Y18-29","18-29 anni","2018","2018",15.595181,,
"ITC","Nord-ovest","UNEM_R","tasso di disoccupazione","1","maschi","Y18-29","18-29 anni","2018-Q2","T2-2018",14.457074,,
"ITC","Nord-ovest","UNEM_R","tasso di disoccupazione","1","maschi","Y18-29","18-29 anni","2018-Q1","T1-2018",15.54797,,
"ITC","Nord-ovest","UNEM_R","tasso di disoccupazione","1","maschi","Y18-29","18-29 anni","2018-Q4","T4-2018",16.901634,,
"ITC","Nord-ovest","UNEM_R","tasso di disoccupazione","1","maschi","Y18-29","18-29 anni","2018-Q3","T3-2018",15.469772,,
"ITC","Nord-ovest","UNEM_R","tasso di disoccupazione","1","maschi","Y18-29","18-29 anni","2019","2019",12.58078,,
"ITC","Nord-ovest","UNEM_R","tasso di disoccupazione","1","maschi","Y18-29","18-29 anni","2019-Q1","T1-2019",13.346917,,
"ITC","Nord-ovest","UNEM_R","tasso di disoccupazione","1","maschi","Y18-29","18-29 anni","2019-Q2","T2-2019",12.230371,,
"ITC","Nord-ovest","UNEM_R","tasso di disoccupazione","1","maschi","Y18-29","18-29 anni","2019-Q4","T4-2019",12.541168,,
"ITC","Nord-ovest","UNEM_R","tasso di disoccupazione","1","maschi","Y18-29","18-29 anni","2019-Q3","T3-2019",12.181632,,
"ITC","Nord-ovest","UNEM_R","tasso di disoccupazione","1","maschi","Y18-29","18-29 anni","2020","2020",13.662434,,
"ITC","Nord-ovest","UNEM_R","tasso di disoccupazione","1","maschi","Y18-29","18-29 anni","2020-Q2","T2-2020",10.522819,,
"ITC","Nord-ovest","UNEM_R","tasso di disoccupazione","1","maschi","Y18-29","18-29 anni","2020-Q1","T1-2020",14.010344,,
"ITC","Nord-ovest","UNEM_R","tasso di disoccupazione","1","maschi","Y18-29","18-29 anni","2020-Q3","T3-2020",15.477031,,
"ITC","Nord-ovest","UNEM_R","tasso di disoccupazione","1","maschi","Y18-29","18-29 anni","2020-Q4","T4-2020",14.366749,,
"ITC","Nord-ovest","UNEM_R","tasso di disoccupazione","1","maschi","Y18-29","18-29 anni","2021","2021",15.35679,,
"ITC","Nord-ovest","UNEM_R","tasso di disoccupazione","1","maschi","Y18-29","18-29 anni","2022","2022",11.367354,,
"ITC","Nord-ovest","UNEM_R","tasso di disoccupazione","1","maschi","Y18-29","18-29 anni","2023","2023",10.585577,,
"ITC","Nord-ovest","UNEM_R","tasso di disoccupazione","1","maschi","Y18-29","18-29 anni","2021-Q1","T1-2021",17.964765,,
"ITC","Nord-ovest","UNEM_R","tasso di disoccupazione","1","maschi","Y18-29","18-29 anni","2021-Q2","T2-2021",16.633002,,
"ITC","Nord-ovest","UNEM_R","tasso di disoccupazione","1","maschi","Y18-29","18-29 anni","2021-Q3","T3-2021",12.547756,,
"ITC","Nord-ovest","UNEM_R","tasso di disoccupazione","1","maschi","Y18-29","18-29 anni","2021-Q4","T4-2021",14.433625,,
"ITC","Nord-ovest","UNEM_R","tasso di disoccupazione","1","maschi","Y18-29","18-29 anni","2022-Q1","T1-2022",12.154661,,
"ITC","Nord-ovest","UNEM_R","tasso di disoccupazione","1","maschi","Y18-29","18-29 anni","2022-Q2","T2-2022",10.906682,,
"ITC","Nord-ovest","UNEM_R","tasso di disoccupazione","1","maschi","Y18-29","18-29 anni","2022-Q3","T3-2022",11.17767,,
"ITC","Nord-ovest","UNEM_R","tasso di disoccupazione","1","maschi","Y18-29","18-29 anni","2022-Q4","T4-2022",11.259531,,
"ITC","Nord-ovest","UNEM_R","tasso di disoccupazione","1","maschi","Y18-29","18-29 anni","2023-Q1","T1-2023",10.378257,,
"ITC","Nord-ovest","UNEM_R","tasso di disoccupazione","1","maschi","Y18-29","18-29 anni","2023-Q2","T2-2023",11.364355,,
"ITC","Nord-ovest","UNEM_R","tasso di disoccupazione","1","maschi","Y18-29","18-29 anni","2023-Q3","T3-2023",10.671668,,
"ITC","Nord-ovest","UNEM_R","tasso di disoccupazione","1","maschi","Y18-29","18-29 anni","2023-Q4","T4-2023",9.918315,,
"ITC","Nord-ovest","UNEM_R","tasso di disoccupazione","1","maschi","Y18-29","18-29 anni","2024-Q1","T1-2024",9.882117,,
"ITC","Nord-ovest","UNEM_R","tasso di disoccupazione","1","maschi","Y18-29","18-29 anni","2024-Q2","T2-2024",9.774446,,
"ITD","Nord-est","UNEM_R","tasso di disoccupazione","9","totale","Y18-29","18-29 anni","2018","2018",13.30233,,
"ITD","Nord-est","UNEM_R","tasso di disoccupazione","9","totale","Y18-29","18-29 anni","2018-Q2","T2-2018",12.026586,,
"ITD","Nord-est","UNEM_R","tasso di disoccupazione","9","totale","Y18-29","18-29 anni","2018-Q1","T1-2018",14.850259,,
"ITD","Nord-est","UNEM_R","tasso di disoccupazione","9","totale","Y18-29","18-29 anni","2018-Q4","T4-2018",14.876741,,
"ITD","Nord-est","UNEM_R","tasso di disoccupazione","9","totale","Y18-29","18-29 anni","2018-Q3","T3-2018",11.423043,,
"ITD","Nord-est","UNEM_R","tasso di disoccupazione","9","totale","Y18-29","18-29 anni","2019","2019",12.016401,,
"ITD","Nord-est","UNEM_R","tasso di disoccupazione","9","totale","Y18-29","18-29 anni","2019-Q1","T1-2019",11.737515,,
"ITD","Nord-est","UNEM_R","tasso di disoccupazione","9","totale","Y18-29","18-29 anni","2019-Q2","T2-2019",11.252363,,
"ITD","Nord-est","UNEM_R","tasso di disoccupazione","9","totale","Y18-29","18-29 anni","2019-Q4","T4-2019",14.158278,,
"ITD","Nord-est","UNEM_R","tasso di disoccupazione","9","totale","Y18-29","18-29 anni","2019-Q3","T3-2019",10.800087,,
"ITD","Nord-est","UNEM_R","tasso di disoccupazione","9","totale","Y18-29","18-29 anni","2020","2020",14.051484,,
"ITD","Nord-est","UNEM_R","tasso di disoccupazione","9","totale","Y18-29","18-29 anni","2020-Q2","T2-2020",11.956509,,
"ITD","Nord-est","UNEM_R","tasso di disoccupazione","9","totale","Y18-29","18-29 anni","2020-Q1","T1-2020",12.9037,,
"ITD","Nord-est","UNEM_R","tasso di disoccupazione","9","totale","Y18-29","18-29 anni","2020-Q3","T3-2020",15.406542,,
"ITD","Nord-est","UNEM_R","tasso di disoccupazione","9","totale","Y18-29","18-29 anni","2020-Q4","T4-2020",15.836939,,
"ITD","Nord-est","UNEM_R","tasso di disoccupazione","9","totale","Y18-29","18-29 anni","2021","2021",12.209623,,
"ITD","Nord-est","UNEM_R","tasso di disoccupazione","9","totale","Y18-29","18-29 anni","2022","2022",9.679734,,
"ITD","Nord-est","UNEM_R","tasso di disoccupazione","9","totale","Y18-29","18-29 anni","2023","2023",9.830809,,
"ITD","Nord-est","UNEM_R","tasso di disoccupazione","9","totale","Y18-29","18-29 anni","2021-Q1","T1-2021",14.343822,,
"ITD","Nord-est","UNEM_R","tasso di disoccupazione","9","totale","Y18-29","18-29 anni","2021-Q2","T2-2021",10.650951,,
"ITD","Nord-est","UNEM_R","tasso di disoccupazione","9","totale","Y18-29","18-29 anni","2021-Q3","T3-2021",10.962395,,
"ITD","Nord-est","UNEM_R","tasso di disoccupazione","9","totale","Y18-29","18-29 anni","2021-Q4","T4-2021",12.902014,,
"ITD","Nord-est","UNEM_R","tasso di disoccupazione","9","totale","Y18-29","18-29 anni","2022-Q1","T1-2022",10.98943,,
"ITD","Nord-est","UNEM_R","tasso di disoccupazione","9","totale","Y18-29","18-29 anni","2022-Q2","T2-2022",8.935729,,
"ITD","Nord-est","UNEM_R","tasso di disoccupazione","9","totale","Y18-29","18-29 anni","2022-Q3","T3-2022",9.636193,,
"ITD","Nord-est","UNEM_R","tasso di disoccupazione","9","totale","Y18-29","18-29 anni","2022-Q4","T4-2022",9.167822,,
"ITD","Nord-est","UNEM_R","tasso di disoccupazione","9","totale","Y18-29","18-29 anni","2023-Q1","T1-2023",9.57195,,
"ITD","Nord-est","UNEM_R","tasso di disoccupazione","9","totale","Y18-29","18-29 anni","2023-Q2","T2-2023",9.691209,,
"ITD","Nord-est","UNEM_R","tasso di disoccupazione","9","totale","Y18-29","18-29 anni","2023-Q3","T3-2023",9.866293,,
"ITD","Nord-est","UNEM_R","tasso di disoccupazione","9","totale","Y18-29","18-29 anni","2023-Q4","T4-2023",10.188076,,
"ITD","Nord-est","UNEM_R","tasso di disoccupazione","9","totale","Y18-29","18-29 anni","2024-Q1","T1-2024",8.877016,,
"ITD","Nord-est","UNEM_R","tasso di disoccupazione","9","totale","Y18-29","18-29 anni","2024-Q2","T2-2024",6.75016,,
"ITFG","Mezzogiorno","UNEM_R","tasso di disoccupazione","1","maschi","Y18-29","18-29 anni","2018","2018",37.344878,,
"ITFG","Mezzogiorno","UNEM_R","tasso di disoccupazione","1","maschi","Y18-29","18-29 anni","2018-Q2","T2-2018",36.345693,,
"ITFG","Mezzogiorno","UNEM_R","tasso di disoccupazione","1","maschi","Y18-29","18-29 anni","2018-Q1","T1-2018",38.393766,,
"ITFG","Mezzogiorno","UNEM_R","tasso di disoccupazione","1","maschi","Y18-29","18-29 anni","2018-Q4","T4-2018",39.412232,,
"ITFG","Mezzogiorno","UNEM_R","tasso di disoccupazione","1","maschi","Y18-29","18-29 anni","2018-Q3","T3-2018",35.226882,,
"ITFG","Mezzogiorno","UNEM_R","tasso di disoccupazione","1","maschi","Y18-29","18-29 anni","2019","2019",35.453311,,
"ITFG","Mezzogiorno","UNEM_R","tasso di disoccupazione","1","maschi","Y18-29","18-29 anni","2019-Q1","T1-2019",40.440297,,
"ITFG","Mezzogiorno","UNEM_R","tasso di disoccupazione","1","maschi","Y18-29","18-29 anni","2019-Q2","T2-2019",35.185703,,
"ITFG","Mezzogiorno","UNEM_R","tasso di disoccupazione","1","maschi","Y18-29","18-29 anni","2019-Q4","T4-2019",34.323518,,
"ITFG","Mezzogiorno","UNEM_R","tasso di disoccupazione","1","maschi","Y18-29","18-29 anni","2019-Q3","T3-2019",31.980268,,
"ITFG","Mezzogiorno","UNEM_R","tasso di disoccupazione","1","maschi","Y18-29","18-29 anni","2020","2020",33.43391,,
"ITFG","Mezzogiorno","UNEM_R","tasso di disoccupazione","1","maschi","Y18-29","18-29 anni","2020-Q2","T2-2020",30.444485,,
"ITFG","Mezzogiorno","UNEM_R","tasso di disoccupazione","1","maschi","Y18-29","18-29 anni","2020-Q1","T1-2020",36.725542,,
"ITFG","Mezzogiorno","UNEM_R","tasso di disoccupazione","1","maschi","Y18-29","18-29 anni","2020-Q3","T3-2020",31.650509,,
"ITFG","Mezzogiorno","UNEM_R","tasso di disoccupazione","1","maschi","Y18-29","18-29 anni","2020-Q4","T4-2020",34.68445,,
"ITFG","Mezzogiorno","UNEM_R","tasso di disoccupazione","1","maschi","Y18-29","18-29 anni","2021","2021",32.022057,,
"ITFG","Mezzogiorno","UNEM_R","tasso di disoccupazione","1","maschi","Y18-29","18-29 anni","2022","2022",27.349435,,
"ITFG","Mezzogiorno","UNEM_R","tasso di disoccupazione","1","maschi","Y18-29","18-29 anni","2023","2023",25.940378,,
"ITFG","Mezzogiorno","UNEM_R","tasso di disoccupazione","1","maschi","Y18-29","18-29 anni","2021-Q1","T1-2021",35.867551,,
"ITFG","Mezzogiorno","UNEM_R","tasso di disoccupazione","1","maschi","Y18-29","18-29 anni","2021-Q2","T2-2021",32.937781,,
"ITFG","Mezzogiorno","UNEM_R","tasso di disoccupazione","1","maschi","Y18-29","18-29 anni","2021-Q3","T3-2021",27.138157,,
"ITFG","Mezzogiorno","UNEM_R","tasso di disoccupazione","1","maschi","Y18-29","18-29 anni","2021-Q4","T4-2021",32.405698,,
"ITFG","Mezzogiorno","UNEM_R","tasso di disoccupazione","1","maschi","Y18-29","18-29 anni","2022-Q1","T1-2022",31.197729,,
"ITFG","Mezzogiorno","UNEM_R","tasso di disoccupazione","1","maschi","Y18-29","18-29 anni","2022-Q2","T2-2022",24.973472,,
"ITFG","Mezzogiorno","UNEM_R","tasso di disoccupazione","1","maschi","Y18-29","18-29 anni","2022-Q3","T3-2022",25.543373,,
"ITFG","Mezzogiorno","UNEM_R","tasso di disoccupazione","1","maschi","Y18-29","18-29 anni","2022-Q4","T4-2022",27.742057,,
"ITFG","Mezzogiorno","UNEM_R","tasso di disoccupazione","1","maschi","Y18-29","18-29 anni","2023-Q1","T1-2023",29.173563,,
"ITFG","Mezzogiorno","UNEM_R","tasso di disoccupazione","1","maschi","Y18-29","18-29 anni","2023-Q2","T2-2023",25.527885,,
"ITFG","Mezzogiorno","UNEM_R","tasso di disoccupazione","1","maschi","Y18-29","18-29 anni","2023-Q3","T3-2023",25.024034,,
"ITFG","Mezzogiorno","UNEM_R","tasso di disoccupazione","1","maschi","Y18-29","18-29 anni","2023-Q4","T4-2023",24.070228,,
"ITFG","Mezzogiorno","UNEM_R","tasso di disoccupazione","1","maschi","Y18-29","18-29 anni","2024-Q1","T1-2024",27.450811,,
"ITFG","Mezzogiorno","UNEM_R","tasso di disoccupazione","1","maschi","Y18-29","18-29 anni","2024-Q2","T2-2024",23.216641,,
"IT","Italia","UNEM_R","tasso di disoccupazione","9","totale","Y18-29","18-29 anni","2018","2018",24.568667,,
"IT","Italia","UNEM_R","tasso di disoccupazione","9","totale","Y18-29","18-29 anni","2018-Q2","T2-2018",24.182887,,
"IT","Italia","UNEM_R","tasso di disoccupazione","9","totale","Y18-29","18-29 anni","2018-Q1","T1-2018",25.508712,,
"IT","Italia","UNEM_R","tasso di disoccupazione","9","totale","Y18-29","18-29 anni","2018-Q4","T4-2018",25.933873,,
"IT","Italia","UNEM_R","tasso di disoccupazione","9","totale","Y18-29","18-29 anni","2018-Q3","T3-2018",22.608803,,
"IT","Italia","UNEM_R","tasso di disoccupazione","9","totale","Y18-29","18-29 anni","2019","2019",22.153078,,
"IT","Italia","UNEM_R","tasso di disoccupazione","9","totale","Y18-29","18-29 anni","2019-Q1","T1-2019",24.191524,,
"IT","Italia","UNEM_R","tasso di disoccupazione","9","totale","Y18-29","18-29 anni","2019-Q2","T2-2019",21.69774,,
"IT","Italia","UNEM_R","tasso di disoccupazione","9","totale","Y18-29","18-29 anni","2019-Q4","T4-2019",22.746778,,
"IT","Italia","UNEM_R","tasso di disoccupazione","9","totale","Y18-29","18-29 anni","2019-Q3","T3-2019",19.921534,,
"IT","Italia","UNEM_R","tasso di disoccupazione","9","totale","Y18-29","18-29 anni","2020","2020",22.307415,,
"IT","Italia","UNEM_R","tasso di disoccupazione","9","totale","Y18-29","18-29 anni","2020-Q2","T2-2020",19.119463,,
"IT","Italia","UNEM_R","tasso di disoccupazione","9","totale","Y18-29","18-29 anni","2020-Q1","T1-2020",22.544937,,
"IT","Italia","UNEM_R","tasso di disoccupazione","9","totale","Y18-29","18-29 anni","2020-Q3","T3-2020",24.288351,,
"IT","Italia","UNEM_R","tasso di disoccupazione","9","totale","Y18-29","18-29 anni","2020-Q4","T4-2020",22.958985,,
"IT","Italia","UNEM_R","tasso di disoccupazione","9","totale","Y18-29","18-29 anni","2021","2021",22.004552,,
"IT","Italia","UNEM_R","tasso di disoccupazione","9","totale","Y18-29","18-29 anni","2022","2022",17.834264,,
"IT","Italia","UNEM_R","tasso di disoccupazione","9","totale","Y18-29","18-29 anni","2023","2023",16.569858,,
"IT","Italia","UNEM_R","tasso di disoccupazione","9","totale","Y18-29","18-29 anni","2021-Q1","T1-2021",25.139596,,
"IT","Italia","UNEM_R","tasso di disoccupazione","9","totale","Y18-29","18-29 anni","2021-Q2","T2-2021",21.78019,,
"IT","Italia","UNEM_R","tasso di disoccupazione","9","totale","Y18-29","18-29 anni","2021-Q3","T3-2021",20.146539,,
"IT","Italia","UNEM_R","tasso di disoccupazione","9","totale","Y18-29","18-29 anni","2021-Q4","T4-2021",21.129901,,
"IT","Italia","UNEM_R","tasso di disoccupazione","9","totale","Y18-29","18-29 anni","2022-Q1","T1-2022",19.507444,,
"IT","Italia","UNEM_R","tasso di disoccupazione","9","totale","Y18-29","18-29 anni","2022-Q2","T2-2022",16.576798,,
"IT","Italia","UNEM_R","tasso di disoccupazione","9","totale","Y18-29","18-29 anni","2022-Q3","T3-2022",16.973236,,
"IT","Italia","UNEM_R","tasso di disoccupazione","9","totale","Y18-29","18-29 anni","2022-Q4","T4-2022",18.306276,,
"IT","Italia","UNEM_R","tasso di disoccupazione","9","totale","Y18-29","18-29 anni","2023-Q1","T1-2023",17.43546,,
"IT","Italia","UNEM_R","tasso di disoccupazione","9","totale","Y18-29","18-29 anni","2023-Q2","T2-2023",16.167485,,
"IT","Italia","UNEM_R","tasso di disoccupazione","9","totale","Y18-29","18-29 anni","2023-Q3","T3-2023",16.041174,,
"IT","Italia","UNEM_R","tasso di disoccupazione","9","totale","Y18-29","18-29 anni","2023-Q4","T4-2023",16.63247,,
"IT","Italia","UNEM_R","tasso di disoccupazione","9","totale","Y18-29","18-29 anni","2024-Q1","T1-2024",16.02614,,
"IT","Italia","UNEM_R","tasso di disoccupazione","9","totale","Y18-29","18-29 anni","2024-Q2","T2-2024",14.3982,,
"ITD","Nord-est","UNEM_R","tasso di disoccupazione","2","femmine","Y18-29","18-29 anni","2018","2018",16.034317,,
"ITD","Nord-est","UNEM_R","tasso di disoccupazione","2","femmine","Y18-29","18-29 anni","2018-Q2","T2-2018",14.358276,,
"ITD","Nord-est","UNEM_R","tasso di disoccupazione","2","femmine","Y18-29","18-29 anni","2018-Q1","T1-2018",19.907693,,
"ITD","Nord-est","UNEM_R","tasso di disoccupazione","2","femmine","Y18-29","18-29 anni","2018-Q4","T4-2018",17.987942,,
"ITD","Nord-est","UNEM_R","tasso di disoccupazione","2","femmine","Y18-29","18-29 anni","2018-Q3","T3-2018",11.724582,,
"ITD","Nord-est","UNEM_R","tasso di disoccupazione","2","femmine","Y18-29","18-29 anni","2019","2019",14.098902,,
"ITD","Nord-est","UNEM_R","tasso di disoccupazione","2","femmine","Y18-29","18-29 anni","2019-Q1","T1-2019",13.415292,,
"ITD","Nord-est","UNEM_R","tasso di disoccupazione","2","femmine","Y18-29","18-29 anni","2019-Q2","T2-2019",14.770715,,
"ITD","Nord-est","UNEM_R","tasso di disoccupazione","2","femmine","Y18-29","18-29 anni","2019-Q4","T4-2019",16.148793,,
"ITD","Nord-est","UNEM_R","tasso di disoccupazione","2","femmine","Y18-29","18-29 anni","2019-Q3","T3-2019",11.869101,,
"ITD","Nord-est","UNEM_R","tasso di disoccupazione","2","femmine","Y18-29","18-29 anni","2020","2020",16.363512,,
"ITD","Nord-est","UNEM_R","tasso di disoccupazione","2","femmine","Y18-29","18-29 anni","2020-Q2","T2-2020",13.537728,,
"ITD","Nord-est","UNEM_R","tasso di disoccupazione","2","femmine","Y18-29","18-29 anni","2020-Q1","T1-2020",16.041955,,
"ITD","Nord-est","UNEM_R","tasso di disoccupazione","2","femmine","Y18-29","18-29 anni","2020-Q3","T3-2020",16.340534,,
"ITD","Nord-est","UNEM_R","tasso di disoccupazione","2","femmine","Y18-29","18-29 anni","2020-Q4","T4-2020",19.262301,,
"ITD","Nord-est","UNEM_R","tasso di disoccupazione","2","femmine","Y18-29","18-29 anni","2021","2021",13.612835,,
"ITD","Nord-est","UNEM_R","tasso di disoccupazione","2","femmine","Y18-29","18-29 anni","2022","2022",10.647286,,
"ITD","Nord-est","UNEM_R","tasso di disoccupazione","2","femmine","Y18-29","18-29 anni","2023","2023",11.716933,,
"ITD","Nord-est","UNEM_R","tasso di disoccupazione","2","femmine","Y18-29","18-29 anni","2021-Q1","T1-2021",14.465394,,
"ITD","Nord-est","UNEM_R","tasso di disoccupazione","2","femmine","Y18-29","18-29 anni","2021-Q2","T2-2021",13.32654,,
"ITD","Nord-est","UNEM_R","tasso di disoccupazione","2","femmine","Y18-29","18-29 anni","2021-Q3","T3-2021",14.603713,,
"ITD","Nord-est","UNEM_R","tasso di disoccupazione","2","femmine","Y18-29","18-29 anni","2021-Q4","T4-2021",12.1977,,
"ITD","Nord-est","UNEM_R","tasso di disoccupazione","2","femmine","Y18-29","18-29 anni","2022-Q1","T1-2022",11.257541,,
"ITD","Nord-est","UNEM_R","tasso di disoccupazione","2","femmine","Y18-29","18-29 anni","2022-Q2","T2-2022",9.677057,,
"ITD","Nord-est","UNEM_R","tasso di disoccupazione","2","femmine","Y18-29","18-29 anni","2022-Q3","T3-2022",10.628684,,
"ITD","Nord-est","UNEM_R","tasso di disoccupazione","2","femmine","Y18-29","18-29 anni","2022-Q4","T4-2022",11.046586,,
"ITD","Nord-est","UNEM_R","tasso di disoccupazione","2","femmine","Y18-29","18-29 anni","2023-Q1","T1-2023",10.857018,,
"ITD","Nord-est","UNEM_R","tasso di disoccupazione","2","femmine","Y18-29","18-29 anni","2023-Q2","T2-2023",11.892502,,
"ITD","Nord-est","UNEM_R","tasso di disoccupazione","2","femmine","Y18-29","18-29 anni","2023-Q3","T3-2023",12.019358,,
"ITD","Nord-est","UNEM_R","tasso di disoccupazione","2","femmine","Y18-29","18-29 anni","2023-Q4","T4-2023",12.0859,,
"ITD","Nord-est","UNEM_R","tasso di disoccupazione","2","femmine","Y18-29","18-29 anni","2024-Q1","T1-2024",9.790549,,
"ITD","Nord-est","UNEM_R","tasso di disoccupazione","2","femmine","Y18-29","18-29 anni","2024-Q2","T2-2024",7.529112,,
"ITE","Centro","UNEM_R","tasso di disoccupazione","2","femmine","Y18-29","18-29 anni","2018","2018",23.558603,,
"ITE","Centro","UNEM_R","tasso di disoccupazione","2","femmine","Y18-29","18-29 anni","2018-Q2","T2-2018",22.14693,,
"ITE","Centro","UNEM_R","tasso di disoccupazione","2","femmine","Y18-29","18-29 anni","2018-Q1","T1-2018",27.537287,,
"ITE","Centro","UNEM_R","tasso di disoccupazione","2","femmine","Y18-29","18-29 anni","2018-Q4","T4-2018",25.526175,,
"ITE","Centro","UNEM_R","tasso di disoccupazione","2","femmine","Y18-29","18-29 anni","2018-Q3","T3-2018",18.872492,,
"ITE","Centro","UNEM_R","tasso di disoccupazione","2","femmine","Y18-29","18-29 anni","2019","2019",19.714709,,
"ITE","Centro","UNEM_R","tasso di disoccupazione","2","femmine","Y18-29","18-29 anni","2019-Q1","T1-2019",25.423991,,
"ITE","Centro","UNEM_R","tasso di disoccupazione","2","femmine","Y18-29","18-29 anni","2019-Q2","T2-2019",21.861806,,
"ITE","Centro","UNEM_R","tasso di disoccupazione","2","femmine","Y18-29","18-29 anni","2019-Q4","T4-2019",17.589369,,
"ITE","Centro","UNEM_R","tasso di disoccupazione","2","femmine","Y18-29","18-29 anni","2019-Q3","T3-2019",13.377357,,
"ITE","Centro","UNEM_R","tasso di disoccupazione","2","femmine","Y18-29","18-29 anni","2020","2020",22.096175,,
"ITE","Centro","UNEM_R","tasso di disoccupazione","2","femmine","Y18-29","18-29 anni","2020-Q2","T2-2020",21.437968,,
"ITE","Centro","UNEM_R","tasso di disoccupazione","2","femmine","Y18-29","18-29 anni","2020-Q1","T1-2020",19.839673,,
"ITE","Centro","UNEM_R","tasso di disoccupazione","2","femmine","Y18-29","18-29 anni","2020-Q3","T3-2020",25.302221,,
"ITE","Centro","UNEM_R","tasso di disoccupazione","2","femmine","Y18-29","18-29 anni","2020-Q4","T4-2020",21.730897,,
"ITE","Centro","UNEM_R","tasso di disoccupazione","2","femmine","Y18-29","18-29 anni","2021","2021",21.318847,,
"ITE","Centro","UNEM_R","tasso di disoccupazione","2","femmine","Y18-29","18-29 anni","2022","2022",16.896907,,
"ITE","Centro","UNEM_R","tasso di disoccupazione","2","femmine","Y18-29","18-29 anni","2023","2023",16.428175,,
"ITE","Centro","UNEM_R","tasso di disoccupazione","2","femmine","Y18-29","18-29 anni","2021-Q1","T1-2021",23.85628,,
"ITE","Centro","UNEM_R","tasso di disoccupazione","2","femmine","Y18-29","18-29 anni","2021-Q2","T2-2021",21.115683,,
"ITE","Centro","UNEM_R","tasso di disoccupazione","2","femmine","Y18-29","18-29 anni","2021-Q3","T3-2021",21.288042,,
"ITE","Centro","UNEM_R","tasso di disoccupazione","2","femmine","Y18-29","18-29 anni","2021-Q4","T4-2021",19.129234,,
"ITE","Centro","UNEM_R","tasso di disoccupazione","2","femmine","Y18-29","18-29 anni","2022-Q1","T1-2022",17.920666,,
"ITE","Centro","UNEM_R","tasso di disoccupazione","2","femmine","Y18-29","18-29 anni","2022-Q2","T2-2022",15.122224,,
"ITE","Centro","UNEM_R","tasso di disoccupazione","2","femmine","Y18-29","18-29 anni","2022-Q3","T3-2022",16.713869,,
"ITE","Centro","UNEM_R","tasso di disoccupazione","2","femmine","Y18-29","18-29 anni","2022-Q4","T4-2022",17.817769,,
"ITE","Centro","UNEM_R","tasso di disoccupazione","2","femmine","Y18-29","18-29 anni","2023-Q1","T1-2023",17.03073,,
"ITE","Centro","UNEM_R","tasso di disoccupazione","2","femmine","Y18-29","18-29 anni","2023-Q2","T2-2023",17.659118,,
"ITE","Centro","UNEM_R","tasso di disoccupazione","2","femmine","Y18-29","18-29 anni","2023-Q3","T3-2023",14.875746,,
"ITE","Centro","UNEM_R","tasso di disoccupazione","2","femmine","Y18-29","18-29 anni","2023-Q4","T4-2023",16.194523,,
"ITE","Centro","UNEM_R","tasso di disoccupazione","2","femmine","Y18-29","18-29 anni","2024-Q1","T1-2024",17.678204,,
"ITE","Centro","UNEM_R","tasso di disoccupazione","2","femmine","Y18-29","18-29 anni","2024-Q2","T2-2024",15.644544,,
